{"stats":{"minecraft:picked_up":{"minecraft:iron_chestplate":5,"minecraft:crafting_table":3,"minecraft:wheat":3,"minecraft:anvil":2,"minecraft:brewing_stand":2,"minecraft:oak_trapdoor":1,"minecraft:string":8,"minecraft:iron_axe":1,"minecraft:iron_leggings":3,"minecraft:item_frame":2,"butchersdelight:dead_cow":4,"minecraft:beef":2,"minecraft:rose_bush":1,"scguns:ancient_brass":2,"minecraft:iron_pickaxe":1,"minecraft:sugar_cane":15,"minecraft:chest":2,"minecraft:furnace":1,"minecraft:iron_boots":3,"minecraft:oak_fence":1,"minecraft:torch":15,"minecraft:arrow":40,"minecraft:rotten_flesh":4,"minecraft:hay_block":17,"minecraft:iron_block":3,"minecraft:saddle":1,"minecraft:gold_ingot":6,"minecraft:cobblestone":4,"spore:cdu":2,"minecraft:enchanting_table":2,"minecraft:pink_petals":3,"minecraft:water_bucket":1,"minecraft:leather":4,"minecraft:oak_log":4,"minecraft:dirt":19,"minecraft:lantern":1,"minecraft:cooked_mutton":1,"scguns:powder_and_ball":15,"minecraft:stone_bricks":9,"minecraft:bow":4,"minecraft:wheat_seeds":2,"minecraft:iron_ingot":21,"minecraft:stone_pickaxe":3,"minecraft:cobweb":18,"minecraft:book":6,"butchersdelight:cow_hide":1,"minecraft:white_bed":8,"minecraft:dark_oak_fence_gate":1,"minecraft:spider_eye":3,"minecraft:iron_helmet":3,"minecraft:emerald":13,"minecraft:bread":1,"minecraft:coal":7},"minecraft:killed_by":{"minecraft:zombie":1},"minecraft:dropped":{"minecraft:iron_ingot":11,"minecraft:bread":13,"minecraft:iron_sword":1,"butchersdelight:dead_cow":1,"minecraft:wheat_seeds":3,"minecraft:ender_pearl":1,"minecraft:crafting_table":1,"minecraft:oak_fence":1,"minecraft:iron_helmet":1,"minecraft:item_frame":1,"minecraft:dirt":8,"minecraft:grass":2,"minecraft:torch":4,"minecraft:rose_bush":1,"gravestone:obituary":1,"minecraft:iron_pickaxe":1,"minecraft:oak_trapdoor":1,"butchersdelight:cleaver":1,"minecraft:wheat":3,"minecraft:rotten_flesh":2,"minecraft:oak_planks":1,"minecraft:name_tag":1,"minecraft:potato":2,"minecraft:iron_chestplate":1,"minecraft:chest":1,"minecraft:acacia_sapling":1,"minecraft:spider_eye":2,"minecraft:bow":2,"minecraft:stone_pickaxe":3,"minecraft:wooden_pickaxe":1},"minecraft:killed":{"spore:inf_hazmat":4,"minecraft:spider":5,"minecraft:horse":1,"minecraft:skeleton":1,"killers:swarm_killer":1,"scguns:cog_knight":1,"spore:inf_player":1,"minecraft:creeper":1,"minecraft:zombie":3},"minecraft:custom":{"minecraft:mob_kills":18,"minecraft:interact_with_crafting_table":18,"minecraft:open_barrel":2,"minecraft:leave_game":3,"minecraft:time_since_death":73338,"minecraft:climb_one_cm":21747,"minecraft:sprint_one_cm":216195,"minecraft:walk_one_cm":185015,"minecraft:drop":38,"minecraft:play_time":73994,"minecraft:deaths":1,"minecraft:sneak_time":3154,"minecraft:walk_under_water_one_cm":11517,"minecraft:jump":1256,"minecraft:walk_on_water_one_cm":7115,"minecraft:total_world_time":73994,"minecraft:sleep_in_bed":8,"minecraft:time_since_rest":7343,"minecraft:damage_taken":1666,"minecraft:damage_dealt":4425,"minecraft:swim_one_cm":1786,"minecraft:fly_one_cm":240934,"minecraft:open_chest":70,"minecraft:crouch_one_cm":6141,"minecraft:fall_one_cm":28100},"minecraft:used":{"minecraft:chest":1,"minecraft:iron_sword":1,"minecraft:torch":11,"minecraft:dirt":8,"butchersdelight:cleaver":1,"minecraft:lantern":1,"minecraft:iron_axe":123,"minecraft:iron_helmet":1,"minecraft:stone_bricks":9,"minecraft:item_frame":2,"minecraft:bow":12,"minecraft:hay_block":5,"minecraft:cooked_mutton":1,"minecraft:water_bucket":6,"minecraft:stone_pickaxe":41,"minecraft:ender_pearl":1,"minecraft:wooden_pickaxe":4,"minecraft:salmon":2,"minecraft:crafting_table":5,"minecraft:white_bed":6,"easy_villagers:villager":1,"minecraft:bread":32,"minecraft:iron_pickaxe":7,"minecraft:pink_petals":3,"minecraft:cobblestone":1,"minecraft:bucket":6,"butchersdelight:rack":1,"minecraft:cobweb":1},"minecraft:mined":{"minecraft:white_bed":7,"minecraft:brewing_stand":1,"gravestone:gravestone":1,"minecraft:grass_block":16,"minecraft:white_stained_glass":1,"minecraft:polished_andesite_slab":1,"minecraft:spawner":11,"minecraft:hay_block":16,"spore:mycelium_veins":1,"minecraft:oak_trapdoor":1,"minecraft:furnace":1,"spore:infested_stone":1,"spore:cdu":1,"minecraft:dark_oak_fence_gate":1,"minecraft:anvil":1,"minecraft:enchanting_table":1,"minecraft:bookshelf":2,"minecraft:packed_ice":1,"minecraft:stone":5,"minecraft:iron_block":3,"minecraft:glass_pane":4,"minecraft:cyan_terracotta":1,"minecraft:stone_brick_slab":1,"minecraft:blue_stained_glass":1,"minecraft:oak_fence":2,"minecraft:crafting_table":3,"minecraft:torch":5,"minecraft:gray_stained_glass":4,"minecraft:chest":2,"minecraft:white_stained_glass_pane":1,"minecraft:rose_bush":1,"minecraft:tall_grass":2,"minecraft:sugar_cane":8,"minecraft:wall_torch":5,"butchersdelight:deadcowblock":2,"horror_element_mod:spiked_villager":1,"minecraft:blue_ice":4,"minecraft:bee_nest":1,"minecraft:grass":4,"minecraft:oak_log":4,"minecraft:dirt":3,"minecraft:cobweb":1,"minecraft:stone_bricks":12,"minecraft:oak_leaves":1,"spore:remains":6},"minecraft:crafted":{"minecraft:oak_planks":16,"minecraft:iron_nugget":9,"butchersdelight:rack":1,"minecraft:iron_axe":1,"minecraft:stone_pickaxe":1,"minecraft:chest":1,"minecraft:wheat":342,"sophisticatedbackpacks:backpack":1,"minecraft:crafting_table":3,"minecraft:wooden_pickaxe":1,"minecraft:iron_sword":1,"butchersdelight:cleaver":2,"minecraft:bread":114,"minecraft:stick":20,"minecraft:iron_ingot":27,"minecraft:iron_pickaxe":2,"minecraft:torch":4}},"DataVersion":3465}