{"stats":{"minecraft:used":{"minecraft:pink_petals":3,"minecraft:lantern":1,"minecraft:salmon":2},"minecraft:dropped":{"gravestone:obituary":1,"minecraft:wheat_seeds":2},"minecraft:crafted":{"minecraft:oak_planks":12},"minecraft:picked_up":{"minecraft:pink_petals":3,"minecraft:wheat_seeds":2,"minecraft:hay_block":14,"minecraft:oak_log":3,"minecraft:dirt":3,"minecraft:lantern":1},"minecraft:killed_by":{"minecraft:zombie":1},"minecraft:custom":{"minecraft:crouch_one_cm":54,"minecraft:time_since_rest":3301,"minecraft:play_time":3753,"minecraft:sprint_one_cm":7294,"minecraft:walk_one_cm":12386,"minecraft:damage_taken":350,"minecraft:deaths":1,"minecraft:sneak_time":33,"minecraft:walk_under_water_one_cm":1904,"minecraft:drop":3,"minecraft:jump":39,"minecraft:damage_dealt":38,"minecraft:time_since_death":3097,"minecraft:walk_on_water_one_cm":1158,"minecraft:total_world_time":3753,"minecraft:climb_one_cm":597,"minecraft:swim_one_cm":916,"minecraft:open_barrel":1,"minecraft:fall_one_cm":1981,"minecraft:fly_one_cm":9058,"minecraft:open_chest":3},"minecraft:mined":{"minecraft:oak_log":3,"minecraft:hay_block":14,"minecraft:grass":3,"minecraft:grass_block":3,"minecraft:tall_grass":1}},"DataVersion":3465}