{"stats":{"minecraft:used":{"minecraft:cooked_mutton":1,"minecraft:stone_pickaxe":3,"minecraft:wooden_pickaxe":4,"minecraft:salmon":2,"minecraft:crafting_table":3,"easy_villagers:villager":1,"minecraft:lantern":1,"minecraft:iron_axe":19,"minecraft:bread":3,"minecraft:iron_helmet":1,"minecraft:stone_bricks":1,"minecraft:item_frame":2,"minecraft:pink_petals":3},"minecraft:dropped":{"minecraft:iron_sword":1,"minecraft:wheat_seeds":2,"minecraft:oak_trapdoor":1,"minecraft:wheat":3,"minecraft:rose_bush":1,"gravestone:obituary":1,"minecraft:wooden_pickaxe":1},"minecraft:crafted":{"minecraft:oak_planks":16,"minecraft:crafting_table":2,"minecraft:wooden_pickaxe":1,"minecraft:iron_sword":1,"minecraft:bread":45,"minecraft:iron_axe":1,"minecraft:stick":8,"minecraft:iron_ingot":18,"minecraft:stone_pickaxe":1,"minecraft:wheat":135},"minecraft:picked_up":{"minecraft:crafting_table":2,"minecraft:pink_petals":3,"minecraft:iron_chestplate":2,"minecraft:wheat":3,"minecraft:oak_log":4,"minecraft:dirt":4,"minecraft:oak_trapdoor":1,"minecraft:lantern":1,"minecraft:iron_leggings":2,"minecraft:cooked_mutton":1,"minecraft:item_frame":1,"minecraft:stone_bricks":1,"minecraft:bow":2,"minecraft:wheat_seeds":2,"minecraft:iron_ingot":4,"minecraft:rose_bush":1,"minecraft:sugar_cane":15,"minecraft:iron_boots":2,"minecraft:dark_oak_fence_gate":1,"minecraft:hay_block":15,"minecraft:iron_helmet":2,"minecraft:iron_block":2,"minecraft:bread":1,"minecraft:gold_ingot":3,"minecraft:emerald":12,"minecraft:cobblestone":3},"minecraft:killed_by":{"minecraft:zombie":1},"minecraft:killed":{"killers:swarm_killer":1},"minecraft:custom":{"minecraft:mob_kills":1,"minecraft:interact_with_crafting_table":10,"minecraft:open_barrel":1,"minecraft:time_since_death":15097,"minecraft:sleep_in_bed":3,"minecraft:climb_one_cm":3093,"minecraft:time_since_rest":6526,"minecraft:walk_one_cm":48064,"minecraft:sprint_one_cm":31656,"minecraft:damage_taken":510,"minecraft:drop":8,"minecraft:damage_dealt":588,"minecraft:swim_one_cm":916,"minecraft:fly_one_cm":31391,"minecraft:open_chest":9,"minecraft:crouch_one_cm":1849,"minecraft:play_time":15753,"minecraft:deaths":1,"minecraft:sneak_time":564,"minecraft:walk_under_water_one_cm":1948,"minecraft:jump":162,"minecraft:walk_on_water_one_cm":1574,"minecraft:total_world_time":15753,"minecraft:fall_one_cm":4434},"minecraft:mined":{"minecraft:glass_pane":1,"minecraft:crafting_table":2,"minecraft:grass_block":4,"minecraft:rose_bush":1,"minecraft:tall_grass":1,"minecraft:sugar_cane":8,"minecraft:hay_block":14,"minecraft:oak_trapdoor":1,"minecraft:dark_oak_fence_gate":1,"minecraft:grass":3,"minecraft:oak_log":4,"minecraft:stone":3,"minecraft:stone_bricks":1,"minecraft:iron_block":2,"minecraft:oak_leaves":1}},"DataVersion":3465}