{"stats":{"minecraft:picked_up":{"spore:cdu":2,"minecraft:enchanting_table":2,"minecraft:pink_petals":3,"minecraft:crafting_table":2,"minecraft:iron_chestplate":5,"minecraft:wheat":3,"minecraft:anvil":2,"minecraft:water_bucket":1,"minecraft:oak_log":4,"minecraft:brewing_stand":2,"minecraft:dirt":19,"minecraft:string":7,"minecraft:oak_trapdoor":1,"minecraft:lantern":1,"minecraft:iron_axe":1,"minecraft:iron_leggings":3,"minecraft:cooked_mutton":1,"minecraft:item_frame":1,"scguns:powder_and_ball":15,"butchersdelight:dead_cow":1,"minecraft:stone_bricks":8,"minecraft:bow":4,"minecraft:wheat_seeds":2,"minecraft:iron_ingot":21,"minecraft:stone_pickaxe":2,"minecraft:cobweb":18,"minecraft:rose_bush":1,"scguns:ancient_brass":2,"minecraft:sugar_cane":15,"minecraft:chest":1,"minecraft:iron_boots":3,"minecraft:furnace":1,"minecraft:book":6,"minecraft:torch":15,"minecraft:white_bed":7,"minecraft:dark_oak_fence_gate":1,"minecraft:spider_eye":3,"minecraft:arrow":40,"minecraft:rotten_flesh":4,"minecraft:hay_block":17,"minecraft:iron_helmet":3,"minecraft:iron_block":2,"minecraft:bread":1,"minecraft:saddle":1,"minecraft:gold_ingot":6,"minecraft:emerald":12,"minecraft:coal":7,"minecraft:cobblestone":3},"minecraft:killed_by":{"minecraft:zombie":1},"minecraft:dropped":{"minecraft:iron_sword":1,"butchersdelight:dead_cow":1,"minecraft:oak_trapdoor":1,"minecraft:wheat_seeds":2,"minecraft:crafting_table":1,"minecraft:wheat":3,"minecraft:iron_helmet":1,"minecraft:rotten_flesh":2,"minecraft:oak_planks":1,"minecraft:dirt":8,"minecraft:potato":2,"minecraft:torch":4,"minecraft:iron_chestplate":1,"minecraft:rose_bush":1,"minecraft:chest":1,"gravestone:obituary":1,"minecraft:spider_eye":2,"minecraft:bow":2,"minecraft:stone_pickaxe":1,"minecraft:wooden_pickaxe":1},"minecraft:killed":{"spore:inf_hazmat":2,"spore:inf_player":1,"minecraft:spider":5,"minecraft:skeleton":1,"killers:swarm_killer":1,"scguns:cog_knight":1,"minecraft:zombie":3},"minecraft:custom":{"minecraft:mob_kills":14,"minecraft:interact_with_crafting_table":11,"minecraft:open_barrel":2,"minecraft:leave_game":2,"minecraft:time_since_death":55286,"minecraft:sleep_in_bed":7,"minecraft:climb_one_cm":20796,"minecraft:time_since_rest":104,"minecraft:damage_taken":1510,"minecraft:sprint_one_cm":175793,"minecraft:walk_one_cm":149402,"minecraft:drop":25,"minecraft:damage_dealt":4025,"minecraft:swim_one_cm":1486,"minecraft:fly_one_cm":188768,"minecraft:open_chest":47,"minecraft:crouch_one_cm":4903,"minecraft:play_time":55942,"minecraft:deaths":1,"minecraft:sneak_time":2090,"minecraft:walk_under_water_one_cm":8605,"minecraft:jump":971,"minecraft:walk_on_water_one_cm":5337,"minecraft:total_world_time":55942,"minecraft:fall_one_cm":20153},"minecraft:used":{"minecraft:cooked_mutton":1,"minecraft:water_bucket":6,"minecraft:stone_pickaxe":39,"minecraft:wooden_pickaxe":4,"minecraft:torch":11,"minecraft:salmon":2,"minecraft:dirt":8,"minecraft:crafting_table":3,"minecraft:white_bed":6,"easy_villagers:villager":1,"minecraft:lantern":1,"minecraft:iron_axe":113,"minecraft:bread":26,"minecraft:iron_helmet":1,"minecraft:stone_bricks":8,"minecraft:item_frame":2,"minecraft:pink_petals":3,"minecraft:bow":6,"minecraft:hay_block":5,"minecraft:bucket":6},"minecraft:mined":{"minecraft:white_bed":6,"minecraft:glass_pane":4,"minecraft:cyan_terracotta":1,"minecraft:stone_brick_slab":1,"minecraft:blue_stained_glass":1,"minecraft:brewing_stand":1,"minecraft:crafting_table":2,"minecraft:torch":5,"gravestone:gravestone":1,"minecraft:grass_block":16,"minecraft:gray_stained_glass":4,"minecraft:chest":1,"minecraft:white_stained_glass_pane":1,"minecraft:rose_bush":1,"minecraft:white_stained_glass":1,"minecraft:tall_grass":1,"minecraft:sugar_cane":8,"minecraft:wall_torch":5,"minecraft:spawner":11,"minecraft:hay_block":16,"spore:mycelium_veins":1,"minecraft:oak_trapdoor":1,"minecraft:furnace":1,"horror_element_mod:spiked_villager":1,"minecraft:blue_ice":4,"spore:infested_stone":1,"spore:cdu":1,"minecraft:dark_oak_fence_gate":1,"minecraft:anvil":1,"minecraft:bee_nest":1,"minecraft:enchanting_table":1,"minecraft:grass":4,"minecraft:bookshelf":2,"minecraft:oak_log":4,"minecraft:dirt":3,"minecraft:packed_ice":1,"minecraft:stone":4,"minecraft:stone_bricks":8,"minecraft:iron_block":2,"minecraft:oak_leaves":1,"spore:remains":6},"minecraft:crafted":{"minecraft:oak_planks":16,"minecraft:crafting_table":2,"minecraft:wooden_pickaxe":1,"minecraft:iron_sword":1,"minecraft:bread":45,"minecraft:iron_axe":1,"minecraft:stick":8,"minecraft:iron_ingot":18,"minecraft:stone_pickaxe":1,"minecraft:torch":4,"minecraft:wheat":135}},"DataVersion":3465}