{"stats":{"minecraft:picked_up":{"spore:cdu":2,"minecraft:enchanting_table":2,"minecraft:pink_petals":3,"minecraft:crafting_table":3,"minecraft:iron_chestplate":5,"minecraft:wheat":3,"minecraft:leather":4,"minecraft:anvil":2,"minecraft:water_bucket":1,"minecraft:oak_log":4,"minecraft:brewing_stand":2,"minecraft:dirt":19,"minecraft:string":7,"minecraft:oak_trapdoor":1,"minecraft:lantern":1,"minecraft:iron_axe":1,"minecraft:iron_leggings":3,"minecraft:cooked_mutton":1,"minecraft:item_frame":2,"scguns:powder_and_ball":15,"butchersdelight:dead_cow":3,"minecraft:stone_bricks":9,"minecraft:bow":4,"minecraft:wheat_seeds":2,"minecraft:iron_ingot":21,"minecraft:stone_pickaxe":2,"minecraft:cobweb":18,"minecraft:rose_bush":1,"scguns:ancient_brass":2,"minecraft:iron_pickaxe":1,"minecraft:sugar_cane":15,"minecraft:chest":1,"minecraft:iron_boots":3,"minecraft:furnace":1,"minecraft:book":6,"minecraft:torch":15,"minecraft:white_bed":8,"minecraft:dark_oak_fence_gate":1,"minecraft:spider_eye":3,"minecraft:arrow":40,"minecraft:rotten_flesh":4,"minecraft:hay_block":17,"minecraft:iron_helmet":3,"minecraft:iron_block":3,"minecraft:bread":1,"minecraft:saddle":1,"minecraft:gold_ingot":6,"minecraft:emerald":13,"minecraft:coal":7,"minecraft:cobblestone":4},"minecraft:killed_by":{"minecraft:zombie":1},"minecraft:dropped":{"minecraft:bread":13,"minecraft:iron_sword":1,"butchersdelight:dead_cow":1,"minecraft:wheat_seeds":2,"minecraft:oak_trapdoor":1,"minecraft:ender_pearl":1,"minecraft:crafting_table":1,"minecraft:wheat":3,"minecraft:iron_helmet":1,"minecraft:rotten_flesh":2,"minecraft:oak_planks":1,"minecraft:name_tag":1,"minecraft:item_frame":1,"minecraft:dirt":8,"minecraft:potato":2,"minecraft:torch":4,"minecraft:iron_chestplate":1,"minecraft:rose_bush":1,"minecraft:chest":1,"gravestone:obituary":1,"minecraft:spider_eye":2,"minecraft:bow":2,"minecraft:wooden_pickaxe":1,"minecraft:stone_pickaxe":1,"minecraft:iron_pickaxe":1},"minecraft:killed":{"spore:inf_hazmat":4,"spore:inf_player":1,"minecraft:spider":5,"minecraft:creeper":1,"minecraft:horse":1,"minecraft:skeleton":1,"killers:swarm_killer":1,"scguns:cog_knight":1,"minecraft:zombie":3},"minecraft:custom":{"minecraft:mob_kills":18,"minecraft:interact_with_crafting_table":12,"minecraft:open_barrel":2,"minecraft:leave_game":2,"minecraft:time_since_death":64249,"minecraft:sleep_in_bed":7,"minecraft:climb_one_cm":21006,"minecraft:time_since_rest":9067,"minecraft:damage_taken":1638,"minecraft:sprint_one_cm":205364,"minecraft:walk_one_cm":168366,"minecraft:drop":30,"minecraft:damage_dealt":4425,"minecraft:swim_one_cm":1786,"minecraft:fly_one_cm":230176,"minecraft:open_chest":51,"minecraft:crouch_one_cm":6056,"minecraft:play_time":64905,"minecraft:deaths":1,"minecraft:sneak_time":3063,"minecraft:walk_under_water_one_cm":8751,"minecraft:jump":1179,"minecraft:walk_on_water_one_cm":6885,"minecraft:total_world_time":64905,"minecraft:fall_one_cm":26719},"minecraft:used":{"minecraft:cooked_mutton":1,"minecraft:water_bucket":6,"minecraft:stone_pickaxe":40,"minecraft:ender_pearl":1,"minecraft:wooden_pickaxe":4,"minecraft:torch":11,"minecraft:salmon":2,"minecraft:dirt":8,"minecraft:crafting_table":4,"minecraft:white_bed":6,"easy_villagers:villager":1,"minecraft:lantern":1,"minecraft:iron_axe":120,"minecraft:bread":30,"minecraft:iron_pickaxe":7,"minecraft:iron_helmet":1,"minecraft:stone_bricks":9,"minecraft:item_frame":2,"minecraft:pink_petals":3,"minecraft:cobblestone":1,"minecraft:bow":12,"minecraft:hay_block":5,"minecraft:bucket":6},"minecraft:mined":{"minecraft:white_bed":7,"minecraft:glass_pane":4,"minecraft:cyan_terracotta":1,"minecraft:stone_brick_slab":1,"minecraft:blue_stained_glass":1,"minecraft:brewing_stand":1,"minecraft:crafting_table":3,"minecraft:torch":5,"gravestone:gravestone":1,"minecraft:grass_block":16,"minecraft:gray_stained_glass":4,"minecraft:chest":1,"minecraft:white_stained_glass_pane":1,"minecraft:rose_bush":1,"minecraft:white_stained_glass":1,"minecraft:polished_andesite_slab":1,"minecraft:tall_grass":2,"minecraft:sugar_cane":8,"minecraft:wall_torch":5,"minecraft:spawner":11,"minecraft:hay_block":16,"spore:mycelium_veins":1,"minecraft:oak_trapdoor":1,"minecraft:furnace":1,"horror_element_mod:spiked_villager":1,"minecraft:blue_ice":4,"spore:infested_stone":1,"spore:cdu":1,"minecraft:dark_oak_fence_gate":1,"minecraft:anvil":1,"minecraft:bee_nest":1,"minecraft:enchanting_table":1,"minecraft:grass":4,"minecraft:bookshelf":2,"minecraft:oak_log":4,"minecraft:dirt":3,"minecraft:packed_ice":1,"minecraft:stone":5,"minecraft:stone_bricks":12,"minecraft:iron_block":3,"minecraft:oak_leaves":1,"spore:remains":6},"minecraft:crafted":{"minecraft:oak_planks":16,"minecraft:crafting_table":3,"minecraft:wooden_pickaxe":1,"minecraft:iron_sword":1,"minecraft:bread":45,"minecraft:iron_axe":1,"minecraft:stick":12,"minecraft:iron_pickaxe":2,"minecraft:iron_ingot":27,"minecraft:stone_pickaxe":1,"minecraft:torch":4,"minecraft:wheat":135}},"DataVersion":3465}