{"stats":{"minecraft:used":{"minecraft:cooked_mutton":1,"minecraft:water_bucket":6,"minecraft:stone_pickaxe":28,"minecraft:wooden_pickaxe":4,"minecraft:salmon":2,"minecraft:torch":7,"minecraft:dirt":5,"minecraft:crafting_table":3,"minecraft:white_bed":1,"easy_villagers:villager":1,"minecraft:lantern":1,"minecraft:iron_axe":76,"minecraft:bread":15,"minecraft:iron_helmet":1,"minecraft:stone_bricks":8,"minecraft:item_frame":2,"minecraft:pink_petals":3,"minecraft:bucket":6},"minecraft:dropped":{"minecraft:iron_sword":1,"butchersdelight:dead_cow":1,"minecraft:wheat_seeds":2,"minecraft:oak_trapdoor":1,"minecraft:wheat":3,"minecraft:oak_planks":1,"minecraft:dirt":8,"minecraft:torch":4,"minecraft:rose_bush":1,"minecraft:chest":1,"gravestone:obituary":1,"minecraft:spider_eye":2,"minecraft:wooden_pickaxe":1},"minecraft:crafted":{"minecraft:oak_planks":16,"minecraft:crafting_table":2,"minecraft:wooden_pickaxe":1,"minecraft:iron_sword":1,"minecraft:bread":45,"minecraft:iron_axe":1,"minecraft:stick":8,"minecraft:iron_ingot":18,"minecraft:stone_pickaxe":1,"minecraft:torch":4,"minecraft:wheat":135},"minecraft:picked_up":{"minecraft:enchanting_table":1,"minecraft:crafting_table":2,"minecraft:pink_petals":3,"minecraft:iron_chestplate":2,"minecraft:wheat":3,"minecraft:anvil":1,"minecraft:oak_log":4,"minecraft:brewing_stand":1,"minecraft:string":7,"minecraft:dirt":16,"minecraft:oak_trapdoor":1,"minecraft:lantern":1,"minecraft:iron_leggings":2,"minecraft:cooked_mutton":1,"minecraft:item_frame":1,"butchersdelight:dead_cow":1,"minecraft:stone_bricks":8,"minecraft:bow":2,"minecraft:wheat_seeds":2,"minecraft:iron_ingot":4,"minecraft:rose_bush":1,"scguns:ancient_brass":1,"minecraft:sugar_cane":15,"minecraft:chest":1,"minecraft:iron_boots":2,"minecraft:furnace":1,"minecraft:book":6,"minecraft:torch":10,"minecraft:white_bed":2,"minecraft:dark_oak_fence_gate":1,"minecraft:spider_eye":3,"minecraft:hay_block":15,"minecraft:iron_helmet":2,"minecraft:iron_block":2,"minecraft:bread":1,"minecraft:gold_ingot":3,"minecraft:emerald":12,"minecraft:cobblestone":3},"minecraft:killed_by":{"minecraft:zombie":1},"minecraft:killed":{"minecraft:spider":5,"minecraft:skeleton":1,"killers:swarm_killer":1,"scguns:cog_knight":1,"minecraft:zombie":1},"minecraft:custom":{"minecraft:mob_kills":9,"minecraft:interact_with_crafting_table":11,"minecraft:open_barrel":2,"minecraft:time_since_death":39097,"minecraft:sleep_in_bed":5,"minecraft:climb_one_cm":20796,"minecraft:time_since_rest":6520,"minecraft:walk_one_cm":108289,"minecraft:sprint_one_cm":137614,"minecraft:damage_taken":884,"minecraft:drop":16,"minecraft:damage_dealt":2754,"minecraft:swim_one_cm":1486,"minecraft:fly_one_cm":145774,"minecraft:open_chest":19,"minecraft:crouch_one_cm":3848,"minecraft:play_time":39753,"minecraft:deaths":1,"minecraft:sneak_time":1628,"minecraft:walk_under_water_one_cm":6139,"minecraft:jump":736,"minecraft:walk_on_water_one_cm":4475,"minecraft:total_world_time":39753,"minecraft:fall_one_cm":16257},"minecraft:mined":{"minecraft:white_bed":2,"minecraft:glass_pane":4,"minecraft:cyan_terracotta":1,"minecraft:blue_stained_glass":1,"minecraft:brewing_stand":1,"minecraft:crafting_table":2,"minecraft:torch":3,"minecraft:grass_block":16,"minecraft:gray_stained_glass":4,"minecraft:chest":1,"minecraft:white_stained_glass_pane":1,"minecraft:rose_bush":1,"minecraft:tall_grass":1,"minecraft:sugar_cane":8,"minecraft:wall_torch":5,"minecraft:spawner":10,"minecraft:hay_block":14,"minecraft:oak_trapdoor":1,"minecraft:furnace":1,"horror_element_mod:spiked_villager":1,"minecraft:dark_oak_fence_gate":1,"minecraft:bee_nest":1,"minecraft:anvil":1,"minecraft:enchanting_table":1,"minecraft:grass":4,"minecraft:bookshelf":2,"minecraft:oak_log":4,"minecraft:stone":4,"minecraft:stone_bricks":8,"minecraft:iron_block":2,"minecraft:oak_leaves":1}},"DataVersion":3465}