{"stats":{"minecraft:used":{"minecraft:cooked_mutton":1,"minecraft:stone_pickaxe":26,"minecraft:wooden_pickaxe":4,"minecraft:salmon":2,"minecraft:torch":2,"minecraft:dirt":1,"minecraft:crafting_table":3,"easy_villagers:villager":1,"minecraft:lantern":1,"minecraft:iron_axe":60,"minecraft:bread":9,"minecraft:iron_helmet":1,"minecraft:stone_bricks":6,"minecraft:item_frame":2,"minecraft:pink_petals":3},"minecraft:dropped":{"minecraft:iron_sword":1,"butchersdelight:dead_cow":1,"minecraft:wheat_seeds":2,"minecraft:oak_trapdoor":1,"minecraft:wheat":3,"minecraft:torch":4,"minecraft:rose_bush":1,"gravestone:obituary":1,"minecraft:spider_eye":2,"minecraft:wooden_pickaxe":1},"minecraft:crafted":{"minecraft:oak_planks":16,"minecraft:crafting_table":2,"minecraft:wooden_pickaxe":1,"minecraft:iron_sword":1,"minecraft:bread":45,"minecraft:iron_axe":1,"minecraft:stick":8,"minecraft:iron_ingot":18,"minecraft:stone_pickaxe":1,"minecraft:torch":4,"minecraft:wheat":135},"minecraft:picked_up":{"minecraft:enchanting_table":1,"minecraft:crafting_table":2,"minecraft:pink_petals":3,"minecraft:iron_chestplate":2,"minecraft:wheat":3,"minecraft:anvil":1,"minecraft:oak_log":4,"minecraft:brewing_stand":1,"minecraft:string":7,"minecraft:dirt":4,"minecraft:oak_trapdoor":1,"minecraft:lantern":1,"minecraft:iron_leggings":2,"minecraft:cooked_mutton":1,"minecraft:item_frame":1,"butchersdelight:dead_cow":1,"minecraft:stone_bricks":8,"minecraft:bow":2,"minecraft:wheat_seeds":2,"minecraft:iron_ingot":4,"minecraft:rose_bush":1,"minecraft:sugar_cane":15,"minecraft:chest":1,"minecraft:iron_boots":2,"minecraft:furnace":1,"minecraft:book":6,"minecraft:torch":4,"minecraft:white_bed":1,"minecraft:dark_oak_fence_gate":1,"minecraft:spider_eye":3,"minecraft:hay_block":15,"minecraft:iron_helmet":2,"minecraft:iron_block":2,"minecraft:bread":1,"minecraft:gold_ingot":3,"minecraft:emerald":12,"minecraft:cobblestone":3},"minecraft:killed_by":{"minecraft:zombie":1},"minecraft:killed":{"minecraft:spider":5,"minecraft:skeleton":1,"killers:swarm_killer":1},"minecraft:custom":{"minecraft:mob_kills":7,"minecraft:interact_with_crafting_table":11,"minecraft:open_barrel":1,"minecraft:time_since_death":27097,"minecraft:sleep_in_bed":4,"minecraft:climb_one_cm":14652,"minecraft:time_since_rest":9532,"minecraft:walk_one_cm":85626,"minecraft:sprint_one_cm":89900,"minecraft:damage_taken":676,"minecraft:drop":13,"minecraft:damage_dealt":2253,"minecraft:swim_one_cm":916,"minecraft:fly_one_cm":68298,"minecraft:open_chest":16,"minecraft:crouch_one_cm":2552,"minecraft:play_time":27753,"minecraft:deaths":1,"minecraft:sneak_time":1045,"minecraft:walk_under_water_one_cm":1948,"minecraft:jump":358,"minecraft:walk_on_water_one_cm":1574,"minecraft:total_world_time":27753,"minecraft:fall_one_cm":9064},"minecraft:mined":{"minecraft:white_bed":1,"minecraft:glass_pane":2,"minecraft:brewing_stand":1,"minecraft:crafting_table":2,"minecraft:torch":1,"minecraft:grass_block":4,"minecraft:gray_stained_glass":4,"minecraft:chest":1,"minecraft:white_stained_glass_pane":1,"minecraft:rose_bush":1,"minecraft:tall_grass":1,"minecraft:sugar_cane":8,"minecraft:wall_torch":1,"minecraft:spawner":10,"minecraft:hay_block":14,"minecraft:oak_trapdoor":1,"minecraft:furnace":1,"minecraft:dark_oak_fence_gate":1,"minecraft:anvil":1,"minecraft:enchanting_table":1,"minecraft:grass":3,"minecraft:bookshelf":2,"minecraft:oak_log":4,"minecraft:stone":3,"minecraft:stone_bricks":8,"minecraft:iron_block":2,"minecraft:oak_leaves":1}},"DataVersion":3465}