{"stats":{"minecraft:used":{"minecraft:apple":2,"minecraft:bread":2,"minecraft:iron_sword":45,"minecraft:hay_block":2,"minecraft:red_bed":5,"minecraft:cobweb":1},"minecraft:dropped":{"minecraft:hay_block":1,"minecraft:iron_chestplate":2,"minecraft:iron_helmet":2,"minecraft:iron_leggings":2,"minecraft:rotten_flesh":4,"minecraft:iron_boots":2,"minecraft:bow":4},"minecraft:picked_up":{"minecraft:iron_chestplate":4,"minecraft:wheat":6,"minecraft:string":28,"minecraft:red_bed":5,"minecraft:tnt":1,"minecraft:iron_leggings":4,"minecraft:armor_stand":4,"minecraft:item_frame":6,"minecraft:rotten_flesh":4,"minecraft:bow":8,"minecraft:wheat_seeds":12,"minecraft:iron_helmet":4,"minecraft:hay_block":27,"minecraft:fletching_table":1,"minecraft:iron_sword":1,"minecraft:iron_boots":4},"minecraft:killed":{"killers:swarm_killer":1},"minecraft:custom":{"minecraft:time_since_rest":6448,"minecraft:sprint_one_cm":22755,"minecraft:damage_taken":170,"minecraft:walk_one_cm":89085,"minecraft:mob_kills":1,"minecraft:drop":17,"minecraft:damage_dealt":654,"minecraft:talked_to_villager":1,"minecraft:fly_one_cm":7292,"minecraft:open_chest":4,"minecraft:open_barrel":6,"minecraft:crouch_one_cm":643,"minecraft:play_time":17280,"minecraft:sneak_time":442,"minecraft:jump":75,"minecraft:time_since_death":17280,"minecraft:sleep_in_bed":4,"minecraft:climb_one_cm":2724,"minecraft:total_world_time":17280,"minecraft:fall_one_cm":3457},"minecraft:mined":{"minecraft:hay_block":27,"minecraft:glass_pane":3,"minecraft:red_bed":5,"horror_element_mod:spiked_villager":1,"minecraft:dark_oak_fence_gate":1,"minecraft:tnt":1,"minecraft:fletching_table":1,"minecraft:grass":1,"minecraft:cobweb":28,"minecraft:tall_grass":3}},"DataVersion":3465}