{"stats":{"minecraft:used":{"minecraft:apple":2,"minecraft:bread":2,"minecraft:iron_sword":92,"minecraft:torch":3,"minecraft:hay_block":2,"minecraft:red_bed":5,"minecraft:cooked_beef":1,"minecraft:cobweb":1},"minecraft:dropped":{"minecraft:hay_block":1,"minecraft:iron_chestplate":2,"minecraft:iron_helmet":2,"minecraft:iron_leggings":2,"minecraft:rotten_flesh":4,"minecraft:iron_boots":2,"minecraft:bow":4},"minecraft:picked_up":{"minecraft:iron_chestplate":4,"minecraft:wheat":6,"minecraft:torch":5,"minecraft:spider_eye":1,"minecraft:string":34,"minecraft:red_bed":5,"minecraft:tnt":1,"minecraft:iron_leggings":4,"minecraft:armor_stand":4,"minecraft:item_frame":6,"minecraft:bone":2,"minecraft:rotten_flesh":6,"minecraft:oak_sign":1,"minecraft:bow":8,"minecraft:wheat_seeds":12,"minecraft:iron_helmet":4,"minecraft:hay_block":29,"minecraft:fletching_table":1,"minecraft:iron_sword":1,"minecraft:iron_boots":4},"minecraft:killed":{"minecraft:skeleton":3,"killers:swarm_killer":1,"minecraft:zombie":1,"minecraft:spider":6},"minecraft:custom":{"minecraft:time_since_rest":11893,"minecraft:interact_with_furnace":1,"minecraft:sprint_one_cm":54896,"minecraft:damage_taken":333,"minecraft:walk_one_cm":190281,"minecraft:mob_kills":12,"minecraft:drop":17,"minecraft:damage_dealt":2391,"minecraft:talked_to_villager":1,"minecraft:fly_one_cm":14528,"minecraft:open_chest":9,"minecraft:open_barrel":6,"minecraft:crouch_one_cm":760,"minecraft:play_time":29280,"minecraft:sneak_time":479,"minecraft:jump":184,"minecraft:time_since_death":29280,"minecraft:sleep_in_bed":5,"minecraft:climb_one_cm":16098,"minecraft:total_world_time":29280,"minecraft:fall_one_cm":5315},"minecraft:mined":{"minecraft:hay_block":29,"minecraft:glass_pane":7,"minecraft:red_bed":5,"horror_element_mod:spiked_villager":1,"minecraft:dark_oak_fence_gate":1,"minecraft:tnt":1,"minecraft:fletching_table":1,"minecraft:grass":1,"minecraft:gray_stained_glass":2,"minecraft:white_stained_glass":2,"minecraft:dirt":1,"minecraft:cobweb":28,"minecraft:glass":2,"minecraft:tall_grass":3,"minecraft:wall_torch":3}},"DataVersion":3465}