{"stats":{"minecraft:picked_up":{"minecraft:birch_log":7,"minecraft:iron_chestplate":4,"minecraft:wheat":6,"minecraft:red_bed":5,"minecraft:dirt":23,"minecraft:string":34,"minecraft:armor_stand":4,"minecraft:iron_leggings":4,"minecraft:item_frame":12,"minecraft:bone":4,"minecraft:oak_sign":1,"minecraft:bow":10,"minecraft:wheat_seeds":12,"dynamictrees:birch_seed":1,"minecraft:cobweb":29,"minecraft:fletching_table":2,"minecraft:iron_sword":1,"minecraft:iron_boots":4,"minecraft:stick":8,"minecraft:torch":8,"minecraft:spider_eye":1,"minecraft:tnt":1,"butchersdelight:deadsheep":5,"minecraft:rotten_flesh":6,"minecraft:iron_helmet":5,"minecraft:hay_block":29},"minecraft:killed_by":{"spore:inf_hazmat":1},"minecraft:dropped":{"minecraft:wheat_seeds":12,"dynamictrees:birch_seed":1,"minecraft:iron_helmet":2,"minecraft:rotten_flesh":6,"minecraft:iron_boots":2,"minecraft:fletching_table":1,"minecraft:item_frame":6,"minecraft:stick":8,"minecraft:cobweb":29,"minecraft:hay_block":1,"minecraft:torch":1,"minecraft:iron_chestplate":2,"minecraft:iron_leggings":2,"minecraft:bow":5,"minecraft:armor_stand":4},"minecraft:killed":{"spore:inf_hazmat":6,"minecraft:spider":6,"minecraft:sheep":5,"minecraft:skeleton":4,"killers:swarm_killer":1,"minecraft:zombie":3},"minecraft:custom":{"minecraft:interact_with_furnace":1,"minecraft:mob_kills":27,"minecraft:interact_with_crafting_table":3,"minecraft:open_barrel":6,"minecraft:leave_game":7,"minecraft:time_since_death":10967,"minecraft:sleep_in_bed":6,"minecraft:climb_one_cm":24433,"minecraft:time_since_rest":589,"minecraft:sprint_one_cm":153619,"minecraft:damage_taken":1171,"minecraft:walk_one_cm":337376,"minecraft:drop":27,"minecraft:damage_dealt":4350,"minecraft:swim_one_cm":658,"minecraft:talked_to_villager":1,"minecraft:fly_one_cm":54366,"minecraft:open_chest":40,"minecraft:crouch_one_cm":2631,"minecraft:play_time":59283,"minecraft:deaths":1,"minecraft:sneak_time":969,"minecraft:walk_under_water_one_cm":5457,"minecraft:jump":618,"minecraft:walk_on_water_one_cm":2625,"minecraft:total_world_time":59283,"minecraft:fall_one_cm":11743},"minecraft:used":{"minecraft:water_bucket":10,"minecraft:iron_sword":150,"minecraft:torch":7,"minecraft:dirt":18,"minecraft:crafting_table":1,"minecraft:red_bed":5,"minecraft:apple":2,"minecraft:bread":6,"minecraft:hay_block":2,"minecraft:bucket":11,"minecraft:cooked_beef":8,"minecraft:cobweb":1},"minecraft:mined":{"minecraft:glass_pane":15,"minecraft:red_bed":5,"minecraft:blue_stained_glass":6,"minecraft:gray_stained_glass_pane":6,"minecraft:torch":2,"minecraft:grass_block":10,"minecraft:gray_stained_glass":2,"minecraft:white_stained_glass":2,"minecraft:glass":2,"minecraft:tall_grass":3,"minecraft:wall_torch":3,"minecraft:hay_block":29,"horror_element_mod:spiked_villager":1,"minecraft:dark_oak_fence_gate":1,"minecraft:tnt":1,"minecraft:fletching_table":1,"minecraft:grass":2,"spore:hive_spawn":1,"minecraft:dirt":18,"minecraft:cobweb":28,"spore:remains":1},"minecraft:crafted":{"minecraft:crafting_table":1,"minecraft:birch_planks":28,"minecraft:bread":4}},"DataVersion":3465}