{"stats":{"minecraft:picked_up":{"minecraft:birch_log":7,"minecraft:iron_chestplate":4,"minecraft:crafting_table":1,"minecraft:wheat":6,"minecraft:iron_door":1,"minecraft:oak_log":5,"minecraft:red_bed":5,"minecraft:dirt":23,"minecraft:string":34,"minecraft:iron_leggings":4,"minecraft:armor_stand":4,"minecraft:item_frame":12,"minecraft:bone":5,"butchersdelight:cleaver":1,"minecraft:oak_sign":1,"butchersdelight:dead_cow":1,"minecraft:bow":10,"minecraft:wheat_seeds":16,"minecraft:beef":4,"minecraft:iron_ingot":11,"dynamictrees:birch_seed":1,"minecraft:cobweb":29,"minecraft:fletching_table":2,"minecraft:iron_pickaxe":1,"minecraft:acacia_sapling":2,"minecraft:iron_sword":1,"minecraft:iron_boots":4,"minecraft:stick":8,"minecraft:torch":8,"butchersdelight:skullcow":1,"butchersdelight:cow_hide":1,"minecraft:spider_eye":1,"minecraft:tnt":1,"butchersdelight:deadsheep":10,"minecraft:rotten_flesh":6,"minecraft:hay_block":29,"minecraft:iron_helmet":5,"minecraft:grass":2,"minecraft:bread":13,"minecraft:ender_pearl":1},"minecraft:killed_by":{"spore:inf_hazmat":1},"minecraft:dropped":{"minecraft:wheat_seeds":20,"dynamictrees:birch_seed":1,"butchersdelight:deadsheep":5,"minecraft:iron_helmet":2,"minecraft:lead":1,"minecraft:rotten_flesh":6,"minecraft:iron_boots":2,"minecraft:fletching_table":1,"minecraft:item_frame":6,"minecraft:stick":8,"minecraft:cobweb":59,"minecraft:hay_block":1,"minecraft:grass":2,"minecraft:torch":1,"minecraft:iron_chestplate":2,"minecraft:acacia_sapling":2,"minecraft:iron_door":1,"minecraft:iron_leggings":2,"minecraft:bow":5,"minecraft:armor_stand":4},"minecraft:killed":{"spore:inf_hazmat":6,"minecraft:spider":6,"minecraft:sheep":5,"minecraft:skeleton":4,"killers:swarm_killer":1,"minecraft:zombie":4},"minecraft:custom":{"minecraft:interact_with_furnace":3,"minecraft:mob_kills":28,"minecraft:interact_with_crafting_table":4,"minecraft:open_barrel":6,"minecraft:leave_game":10,"minecraft:time_since_death":31477,"minecraft:sleep_in_bed":7,"minecraft:climb_one_cm":25965,"minecraft:time_since_rest":6764,"minecraft:sprint_one_cm":187269,"minecraft:damage_taken":1241,"minecraft:walk_one_cm":399130,"minecraft:drop":39,"minecraft:damage_dealt":4520,"minecraft:swim_one_cm":658,"minecraft:talked_to_villager":1,"minecraft:fly_one_cm":65425,"minecraft:open_chest":57,"minecraft:crouch_one_cm":11212,"minecraft:play_time":79793,"minecraft:deaths":1,"minecraft:sneak_time":4392,"minecraft:walk_under_water_one_cm":8536,"minecraft:jump":743,"minecraft:walk_on_water_one_cm":4739,"minecraft:total_world_time":79793,"minecraft:fall_one_cm":14054},"minecraft:used":{"minecraft:water_bucket":10,"minecraft:oak_planks":19,"minecraft:ender_pearl":1,"butchersdelight:hook":1,"minecraft:iron_sword":153,"minecraft:torch":7,"minecraft:dirt":18,"minecraft:crafting_table":1,"minecraft:red_bed":5,"minecraft:blue_ice":15,"butchersdelight:cleaver":1,"minecraft:apple":2,"minecraft:bread":8,"minecraft:iron_pickaxe":6,"minecraft:hay_block":2,"minecraft:bucket":11,"minecraft:cooked_beef":8,"minecraft:cobweb":1},"minecraft:mined":{"minecraft:oak_slab":1,"minecraft:glass_pane":15,"minecraft:red_bed":5,"minecraft:blue_stained_glass":6,"minecraft:gray_stained_glass_pane":6,"minecraft:torch":2,"minecraft:grass_block":10,"minecraft:gray_stained_glass":2,"minecraft:white_stained_glass":2,"minecraft:glass":2,"minecraft:tall_grass":3,"minecraft:iron_door":1,"minecraft:wall_torch":3,"minecraft:hay_block":29,"horror_element_mod:spiked_villager":1,"minecraft:blue_ice":1,"minecraft:dark_oak_fence_gate":1,"minecraft:tnt":1,"minecraft:fletching_table":1,"minecraft:grass":2,"minecraft:oak_log":5,"spore:hive_spawn":1,"minecraft:dirt":18,"minecraft:cobweb":28,"minecraft:stone":3,"spore:remains":1},"minecraft:crafted":{"minecraft:oak_planks":20,"butchersdelight:hook":1,"minecraft:iron_nugget":9,"minecraft:crafting_table":1,"minecraft:birch_planks":28,"minecraft:bread":4}},"DataVersion":3465}