{"stats":{"minecraft:used":{"minecraft:water_bucket":3,"minecraft:apple":2,"minecraft:bread":2,"minecraft:iron_sword":122,"minecraft:torch":7,"minecraft:hay_block":2,"minecraft:red_bed":5,"minecraft:bucket":4,"minecraft:cooked_beef":4,"minecraft:cobweb":1},"minecraft:dropped":{"minecraft:hay_block":1,"minecraft:torch":1,"dynamictrees:birch_seed":1,"minecraft:iron_chestplate":2,"minecraft:iron_helmet":2,"minecraft:rotten_flesh":6,"minecraft:iron_leggings":2,"minecraft:iron_boots":2,"minecraft:bow":4,"minecraft:stick":8,"minecraft:armor_stand":4},"minecraft:picked_up":{"minecraft:birch_log":7,"minecraft:stick":8,"minecraft:iron_chestplate":4,"minecraft:wheat":6,"minecraft:torch":8,"minecraft:spider_eye":1,"minecraft:string":34,"minecraft:red_bed":5,"minecraft:tnt":1,"minecraft:iron_leggings":4,"minecraft:item_frame":6,"minecraft:armor_stand":4,"minecraft:bone":4,"butchersdelight:deadsheep":5,"minecraft:rotten_flesh":6,"minecraft:oak_sign":1,"minecraft:bow":8,"minecraft:wheat_seeds":12,"minecraft:hay_block":29,"minecraft:iron_helmet":4,"dynamictrees:birch_seed":1,"minecraft:fletching_table":1,"minecraft:iron_sword":1,"minecraft:iron_boots":4},"minecraft:killed":{"minecraft:sheep":5,"minecraft:skeleton":4,"killers:swarm_killer":1,"minecraft:zombie":2,"minecraft:spider":6},"minecraft:custom":{"minecraft:time_since_rest":23569,"minecraft:interact_with_furnace":1,"minecraft:sprint_one_cm":119821,"minecraft:damage_taken":403,"minecraft:walk_one_cm":254240,"minecraft:mob_kills":20,"minecraft:drop":22,"minecraft:damage_dealt":3129,"minecraft:play_time":40956,"minecraft:fly_one_cm":34703,"minecraft:talked_to_villager":1,"minecraft:open_chest":10,"minecraft:open_barrel":6,"minecraft:crouch_one_cm":1690,"minecraft:sneak_time":628,"minecraft:walk_under_water_one_cm":1737,"minecraft:jump":339,"minecraft:leave_game":1,"minecraft:time_since_death":40956,"minecraft:walk_on_water_one_cm":301,"minecraft:sleep_in_bed":5,"minecraft:total_world_time":40956,"minecraft:climb_one_cm":24433,"minecraft:fall_one_cm":8690},"minecraft:mined":{"minecraft:hay_block":29,"minecraft:glass_pane":15,"minecraft:red_bed":5,"horror_element_mod:spiked_villager":1,"minecraft:dark_oak_fence_gate":1,"minecraft:blue_stained_glass":6,"minecraft:tnt":1,"minecraft:fletching_table":1,"minecraft:gray_stained_glass_pane":6,"minecraft:torch":2,"minecraft:grass":2,"minecraft:gray_stained_glass":2,"minecraft:white_stained_glass":2,"minecraft:dirt":1,"minecraft:cobweb":28,"minecraft:glass":2,"minecraft:tall_grass":3,"minecraft:wall_torch":3}},"DataVersion":3465}