{"stats":{"minecraft:picked_up":{"minecraft:iron_leggings":4,"minecraft:iron_chestplate":4,"minecraft:item_frame":6,"minecraft:armor_stand":4,"minecraft:rotten_flesh":4,"minecraft:bow":6,"minecraft:hay_block":16,"minecraft:iron_helmet":4,"minecraft:iron_boots":4},"minecraft:custom":{"minecraft:open_barrel":3,"minecraft:time_since_rest":5280,"minecraft:crouch_one_cm":75,"minecraft:play_time":5280,"minecraft:sprint_one_cm":4719,"minecraft:damage_taken":70,"minecraft:walk_one_cm":22561,"minecraft:sneak_time":117,"minecraft:jump":20,"minecraft:damage_dealt":0,"minecraft:time_since_death":5280,"minecraft:total_world_time":5280,"minecraft:climb_one_cm":229,"minecraft:talked_to_villager":1,"minecraft:fall_one_cm":1088,"minecraft:fly_one_cm":1188},"minecraft:mined":{"minecraft:hay_block":16,"horror_element_mod:spiked_villager":1}},"DataVersion":3465}